{"max_level":4,"time_levels":[18.569117,16.178463,33.949859,69.0524,0,0]}
