{"max_level":3,"time_levels":[18.569117,16.178463,33.949859,0,0,0]}
